id,family,text_original,estado,motivo,id_conservado
AUD-001,F001,  Olvidé  la  contraseña  y  necesito  restablecerla.  ,conservar,texto y etiqueta utilizables,
AUD-002,F001,"Buen día, olvidé la contraseña y necesito restablecerla. ¿Me pueden orientar?",conservar,texto y etiqueta utilizables,
AUD-003,F001,"Olvidé la contraseña y necesito restablecerla; ya reinicié y sigue igual, urge tantito.",conservar,texto y etiqueta utilizables,
AUD-004,F002,El código de verificación no llega a mi correo.,conservar,texto y etiqueta utilizables,
AUD-005,F002,"Buen día, el código de verificación no llega a mi correo. ¿Me pueden orientar?",conservar,texto y etiqueta utilizables,
AUD-006,F002,"El código de verificación no llega a mi correo; ya reinicié y sigue igual, urge tantito.",conservar,texto y etiqueta utilizables,
AUD-007,F003,Mi cuenta quedó bloqueada después de varios intentos.,conservar,texto y etiqueta utilizables,
AUD-008,F003,"Buen día, mi cuenta quedó bloqueada después de varios intentos. ¿Me pueden orientar?",conservar,texto y etiqueta utilizables,
AUD-009,F003,"Mi cuenta quedó bloqueada después de varios intentos; ya reinicié y sigue igual, urge tantito.",conservar,texto y etiqueta utilizables,
AUD-010,F004,  La  sesión  caducó  mientras  trabajaba.  ,conservar,texto y etiqueta utilizables,
AUD-011,F004,"Buen día, la sesión caducó mientras trabajaba. ¿Me pueden orientar?",conservar,texto y etiqueta utilizables,
AUD-012,F004,"La sesión caducó mientras trabajaba; ya reinicié y sigue igual, urge tantito.",conservar,texto y etiqueta utilizables,
AUD-013,F005,,cuarentena,texto vacío,
AUD-014,F005,"Buen día, no puedo entrar con el segundo factor. ¿Me pueden orientar?",conservar,texto y etiqueta utilizables,
AUD-015,F005,"No puedo entrar con el segundo factor; ya reinicié y sigue igual, urge tantito.",conservar,texto y etiqueta utilizables,
AUD-016,F006,El enlace para activar mi usuario expiró.,conservar,texto y etiqueta utilizables,
AUD-017,F006,"Buen día, el enlace para activar mi usuario expiró. ¿Me pueden orientar?",conservar,texto y etiqueta utilizables,
AUD-018,F006,"El enlace para activar mi usuario expiró; ya reinicié y sigue igual, urge tantito.",conservar,texto y etiqueta utilizables,
AUD-019,F007,  El  portal  rechaza  mi  nombre  de  usuario.  ,conservar,texto y etiqueta utilizables,
AUD-020,F007,"Buen día, el portal rechaza mi nombre de usuario. ¿Me pueden orientar?",conservar,texto y etiqueta utilizables,
AUD-021,F007,"El portal rechaza mi nombre de usuario; ya reinicié y sigue igual, urge tantito.",cuarentena,etiqueta ausente (cadena vacía); no se infiere de family ni del texto,
AUD-022,F008,Quiero recuperar acceso después de cambiar de celular.,conservar,texto y etiqueta utilizables,
AUD-023,F008,"Buen día, quiero recuperar acceso después de cambiar de celular. ¿Me pueden orientar?",conservar,texto y etiqueta utilizables,
AUD-024,F008,"Quiero recuperar acceso después de cambiar de celular; ya reinicié y sigue igual, urge tantito.",conservar,texto y etiqueta utilizables,
AUD-025,F009,La página regresa al inicio de sesión sin avisar.,conservar,texto y etiqueta utilizables,
AUD-026,F009,"Buen día, la página regresa al inicio de sesión sin avisar. ¿Me pueden orientar?",conservar,texto y etiqueta utilizables,
AUD-027,F009,"La página regresa al inicio de sesión sin avisar; ya reinicié y sigue igual, urge tantito.",conservar,texto y etiqueta utilizables,
AUD-028,F010,  El  autenticador  muestra  un  código  inválido.  ,conservar,texto y etiqueta utilizables,
AUD-029,F010,"Buen día, el autenticador muestra un código inválido. ¿Me pueden orientar?",conservar,texto y etiqueta utilizables,
AUD-030,F010,"El autenticador muestra un código inválido; ya reinicié y sigue igual, urge tantito.",conservar,texto y etiqueta utilizables,
AUD-031,F011,Mi contraseña nueva no se acepta.,conservar,texto y etiqueta utilizables,
AUD-032,F011,"Buen día, mi contraseña nueva no se acepta. ¿Me pueden orientar?",conservar,texto y etiqueta utilizables,
AUD-033,F011,"Mi contraseña nueva no se acepta; ya reinicié y sigue igual, urge tantito.",conservar,texto y etiqueta utilizables,
AUD-034,F012,El correo de recuperación pertenece a mi cuenta anterior.,conservar,texto y etiqueta utilizables,
AUD-035,F012,"Buen día, el correo de recuperación pertenece a mi cuenta anterior. ¿Me pueden orientar?",conservar,texto y etiqueta utilizables,
AUD-036,F012,"El correo de recuperación pertenece a mi cuenta anterior; ya reinicié y sigue igual, urge tantito.",conservar,texto y etiqueta utilizables,
AUD-037,F013,  Me  cobraron  dos  veces  la  misma  factura.  ,conservar,texto y etiqueta utilizables,
AUD-038,F013,"Buen día, me cobraron dos veces la misma factura. ¿Me pueden orientar?",conservar,texto y etiqueta utilizables,
AUD-039,F013,"Me cobraron dos veces la misma factura; ya reinicié y sigue igual, urge tantito.",conservar,texto y etiqueta utilizables,
AUD-040,F014,Necesito el comprobante del pago del mes.,conservar,texto y etiqueta utilizables,
AUD-041,F014,"Buen día, necesito el comprobante del pago del mes. ¿Me pueden orientar?",conservar,texto y etiqueta utilizables,
AUD-042,F014,"Necesito el comprobante del pago del mes; ya reinicié y sigue igual, urge tantito.",conservar,texto y etiqueta utilizables,
AUD-043,F015,La tarjeta fue rechazada al renovar.,conservar,texto y etiqueta utilizables,
AUD-044,F015,"Buen día, la tarjeta fue rechazada al renovar. ¿Me pueden orientar?",conservar,texto y etiqueta utilizables,
AUD-045,F015,"La tarjeta fue rechazada al renovar; ya reinicié y sigue igual, urge tantito.",conservar,texto y etiqueta utilizables,
AUD-046,F016,  Solicito  un  reembolso  por  un  cargo  equivocado.  ,conservar,texto y etiqueta utilizables,
AUD-047,F016,"Buen día, solicito un reembolso por un cargo equivocado. ¿Me pueden orientar?",conservar,texto y etiqueta utilizables,
AUD-048,F016,"Solicito un reembolso por un cargo equivocado; ya reinicié y sigue igual, urge tantito.",conservar,texto y etiqueta utilizables,
AUD-049,F017,El depósito no aparece en el saldo.,conservar,texto y etiqueta utilizables,
AUD-050,F017,"Buen día, el depósito no aparece en el saldo. ¿Me pueden orientar?",conservar,texto y etiqueta utilizables,
AUD-051,F017,"El depósito no aparece en el saldo; ya reinicié y sigue igual, urge tantito.",conservar,texto y etiqueta utilizables,
AUD-052,F018,Quiero corregir el RFC de mi factura.,conservar,texto y etiqueta utilizables,
AUD-053,F018,"Buen día, quiero corregir el RFC de mi factura. ¿Me pueden orientar?",conservar,texto y etiqueta utilizables,
AUD-054,F018,"Quiero corregir el RFC de mi factura; ya reinicié y sigue igual, urge tantito.",conservar,texto y etiqueta utilizables,
AUD-055,F019,  El  importe  no  coincide  con  la  cotización.  ,conservar,texto y etiqueta utilizables,
AUD-056,F019,"Buen día, el importe no coincide con la cotización. ¿Me pueden orientar?",conservar,texto y etiqueta utilizables,
AUD-057,F019,"El importe no coincide con la cotización; ya reinicié y sigue igual, urge tantito.",conservar,texto y etiqueta utilizables,
AUD-058,F020,Necesito cambiar mi método de pago.,conservar,texto y etiqueta utilizables,
AUD-059,F020,"Buen día, necesito cambiar mi método de pago. ¿Me pueden orientar?",conservar,texto y etiqueta utilizables,
AUD-060,F020,"Necesito cambiar mi método de pago; ya reinicié y sigue igual, urge tantito.",conservar,texto y etiqueta utilizables,
AUD-061,F021,La suscripción figura como vencida aunque pagué.,conservar,texto y etiqueta utilizables,
AUD-062,F021,"Buen día, la suscripción figura como vencida aunque pagué. ¿Me pueden orientar?",conservar,texto y etiqueta utilizables,
AUD-063,F021,"La suscripción figura como vencida aunque pagué; ya reinicié y sigue igual, urge tantito.",conservar,texto y etiqueta utilizables,
AUD-064,F022,  El  banco  confirmó  el  cargo  pero  no  tengo  recibo.  ,conservar,texto y etiqueta utilizables,
AUD-065,F022,"Buen día, el banco confirmó el cargo pero no tengo recibo. ¿Me pueden orientar?",conservar,texto y etiqueta utilizables,
AUD-066,F022,"El banco confirmó el cargo pero no tengo recibo; ya reinicié y sigue igual, urge tantito.",conservar,texto y etiqueta utilizables,
AUD-067,F023,La factura tiene un impuesto incorrecto.,conservar,texto y etiqueta utilizables,
AUD-068,F023,"Buen día, la factura tiene un impuesto incorrecto. ¿Me pueden orientar?",conservar,texto y etiqueta utilizables,
AUD-069,F023,"La factura tiene un impuesto incorrecto; ya reinicié y sigue igual, urge tantito.",conservar,texto y etiqueta utilizables,
AUD-070,F024,Quiero saber cuándo regresará el dinero a mi tarjeta.,conservar,texto y etiqueta utilizables,
AUD-071,F024,"Buen día, quiero saber cuándo regresará el dinero a mi tarjeta. ¿Me pueden orientar?",conservar,texto y etiqueta utilizables,
AUD-072,F024,"Quiero saber cuándo regresará el dinero a mi tarjeta; ya reinicié y sigue igual, urge tantito.",conservar,texto y etiqueta utilizables,
AUD-073,F002,"Buen día, el código de verificación no llega a mi correo. ¿Me pueden orientar?",duplicado,texto exacto ya conservado,AUD-005
AUD-074,F025,No quiero cancelar mi cuenta. Solo necesito cambiar la contraseña.,conservar,texto y etiqueta utilizables,
AUD-075,F025,NO quiero cancelar mi cuenta; necesito recuperar el acceso.,conservar,texto y etiqueta utilizables,
AUD-076,F025,"Quiero mantener mi cuenta y cambiar la contraseña, gracias.",conservar,texto y etiqueta utilizables,
AUD-077,F026,"Pagué $1,250.50 y la factura muestra $1,520.50. ¿Pueden revisarla?",conservar,texto y etiqueta utilizables,
AUD-078,F026,El importe de 1250.50 pesos no coincide con mi factura.,conservar,texto y etiqueta utilizables,
AUD-079,F026,  Mi  factura  del  pedido  4821  tiene  un  importe  incorrecto.  ,conservar,texto y etiqueta utilizables,
AUD-080,F027,Necesito información para recuperar mi contraseña.,conservar,texto y etiqueta utilizables,
AUD-081,F027,Necesito información para recuperar mi contraseña.,duplicado,"mismo texto tras NFC, espacios o mayúsculas; misma etiqueta",AUD-080
AUD-082,F027,¿Cómo recupero mi contraseña? Necesito información.,conservar,texto y etiqueta utilizables,
AUD-083,F028,Envíen la factura a persona@example.invalid; el cargo sigue pendiente.,conservar,texto y etiqueta utilizables,
AUD-084,F028,Mi correo es cobros@example.invalid. Necesito el recibo del pago.,conservar,texto y etiqueta utilizables,
AUD-085,F028,La factura en https://soporte.example.invalid/factura?id=4821 no abre.,conservar,texto y etiqueta utilizables,
AUD-086,F029,__NULO__,cuarentena,texto no recibido (__NULO__),
AUD-087,F029,   ,cuarentena,texto de solo espacios,
AUD-088,F029,Ayuda.,cuarentena,texto insuficiente (menos de 3 palabras),
AUD-089,F030,El código de verificación no llega y no puedo entrar.,cuarentena,familia con etiquetas contradictorias; sin evidencia para decidir cuál es la correcta,
AUD-090,F030,El código de verificación no llega y no puedo entrar.,cuarentena,familia con etiquetas contradictorias; sin evidencia para decidir cuál es la correcta,
AUD-091,F030,Sigo sin poder entrar: no recibo el código de verificación.,cuarentena,familia con etiquetas contradictorias; sin evidencia para decidir cuál es la correcta,
AUD-092,F031,Este año cambié de teléfono y perdí acceso a mi cuenta.,conservar,texto y etiqueta utilizables,
AUD-093,F031,"Sí, quiero mantener la cuenta; necesito una nueva contraseña.",conservar,texto y etiqueta utilizables,
AUD-094,F031,"Si cambio de teléfono, ¿cómo recupero mi cuenta?",conservar,texto y etiqueta utilizables,
AUD-095,F032,¡Otra vez un cobro doble! 😠 Necesito que revisen la factura.,conservar,texto y etiqueta utilizables,
AUD-096,F032,"Mi pago ya aparece, gracias 🙂. ¿Dónde descargo el comprobante?",conservar,texto y etiqueta utilizables,
AUD-097,F032,"No puedo ver mi facutra del mes, ¿me ayudan?",conservar,texto y etiqueta utilizables,
